{"cameraMode":{"drawMode":0,"name":"Shaded","section":"Shading Mode"},"sceneLighting":true,"audioPlay":false,"sceneViewState":{"m_AlwaysRefresh":false,"showFog":true,"showSkybox":true,"showFlares":true,"showImageEffects":true,"showParticleSystems":true,"showVisualEffectGraphs":true,"m_FxEnabled":true},"in2DMode":false,"pivot":{"x":-0.18407081067562104,"y":0.3072471022605896,"z":-9.063737869262696},"rotation":{"x":-0.0018067196942865849,"y":0.05456938222050667,"z":-0.00009782997949514538,"w":-0.9985127449035645},"size":0.1809038668870926,"orthographic":false}